date,url,title,writer,rate,genre,age
월요 추천 웹툰TODAY : 2020.02.17,https://comic.naver.com/webtoon/list.nhn?titleId=183559&weekday=mon,신의 탑,SIU,9.94,"스토리, 판타지",12세 이용가
월요 추천 웹툰TODAY : 2020.02.17,https://comic.naver.com/webtoon/list.nhn?titleId=602910&weekday=mon,윈드브레이커,조용석,9.90,"스토리, 드라마, 스포츠",12세 이용가
월요 추천 웹툰TODAY : 2020.02.17,https://comic.naver.com/webtoon/list.nhn?titleId=733766&weekday=mon,인생존망,박태준 / 전선욱,9.88,"에피소드, 판타지, 액션",15세 이용가
월요 추천 웹툰TODAY : 2020.02.17,https://comic.naver.com/webtoon/list.nhn?titleId=597478&weekday=mon,평범한 8반,영파카,9.85,"스토리, 개그, 드라마",15세 이용가
월요 추천 웹툰TODAY : 2020.02.17,https://comic.naver.com/webtoon/list.nhn?titleId=694946&weekday=mon,귀전구담,QTT,9.98,"옴니버스, 판타지, 드라마, 감성, 스릴러",12세 이용가
월요 추천 웹툰TODAY : 2020.02.17,https://comic.naver.com/webtoon/list.nhn?titleId=733074&weekday=mon,백수세끼,치즈,9.89,"스토리, 일상, 드라마, 로맨스",전체연령가
월요 추천 웹툰TODAY : 2020.02.17,https://comic.naver.com/webtoon/list.nhn?titleId=723714&weekday=mon,용비불패 완전판,류기운 / 문정후,9.98,"스토리, 판타지, 액션, 시대극",15세 이용가
월요 추천 웹툰TODAY : 2020.02.17,https://comic.naver.com/webtoon/list.nhn?titleId=702422&weekday=mon,니편내편,미티,9.92,"스토리, 판타지, 드라마, 스릴러",12세 이용가
월요 추천 웹툰TODAY : 2020.02.17,https://comic.naver.com/webtoon/list.nhn?titleId=729946&weekday=mon,악취,디귿,9.91,"스토리, 액션, 스릴러",15세 이용가
월요 추천 웹툰TODAY : 2020.02.17,https://comic.naver.com/webtoon/list.nhn?titleId=730174&weekday=mon,칼가는 소녀,오리,9.97,"에피소드, 드라마, 로맨스, 감성",12세 이용가
월요 추천 웹툰TODAY : 2020.02.17,https://comic.naver.com/webtoon/list.nhn?titleId=728750&weekday=mon,장씨세가 호위무사,조형근 / 김인호,9.96,"스토리, 판타지, 액션, 시대극",12세 이용가
월요 추천 웹툰TODAY : 2020.02.17,https://comic.naver.com/webtoon/list.nhn?titleId=714185&weekday=mon,링크보이,광진 / 두엽,9.90,"스토리, 판타지, 액션",12세 이용가
월요 추천 웹툰TODAY : 2020.02.17,https://comic.naver.com/webtoon/list.nhn?titleId=21815&weekday=mon,히어로메이커,빤쓰,9.96,"옴니버스, 판타지",전체연령가
월요 추천 웹툰TODAY : 2020.02.17,https://comic.naver.com/webtoon/list.nhn?titleId=698888&weekday=mon,이것도 친구라고,제야,9.95,"스토리, 개그, 드라마",전체연령가
월요 추천 웹툰TODAY : 2020.02.17,https://comic.naver.com/webtoon/list.nhn?titleId=694807&weekday=mon,마왕이 되는 중2야,38,9.94,"스토리, 개그, 판타지",전체연령가
월요 추천 웹툰TODAY : 2020.02.17,https://comic.naver.com/webtoon/list.nhn?titleId=727826&weekday=mon,교환일기,한끼룩,9.93,"스토리, 일상, 드라마, 스릴러",12세 이용가
월요 추천 웹툰TODAY : 2020.02.17,https://comic.naver.com/webtoon/list.nhn?titleId=714886&weekday=mon,신을 죽이는 방법,나락 / 바밤,9.97,"스토리, 판타지, 액션",12세 이용가
월요 추천 웹툰TODAY : 2020.02.17,https://comic.naver.com/webtoon/list.nhn?titleId=738809&weekday=mon,아는 여자애,허니비,9.97,"스토리, 판타지, 드라마, 로맨스",전체연령가
월요 추천 웹툰TODAY : 2020.02.17,https://comic.naver.com/webtoon/list.nhn?titleId=703849&weekday=mon,요리GO,HO9,9.92,스토리,전체연령가
월요 추천 웹툰TODAY : 2020.02.17,https://comic.naver.com/webtoon/list.nhn?titleId=713975&weekday=mon,데드라이프,후렛샤 / 임진국,9.86,"스토리, 판타지, 액션, 스릴러",15세 이용가
월요 추천 웹툰TODAY : 2020.02.17,https://comic.naver.com/webtoon/list.nhn?titleId=721949&weekday=mon,일진이 사나워,강환영 / 김현아,9.78,"스토리, 일상, 로맨스",12세 이용가
월요 추천 웹툰TODAY : 2020.02.17,https://comic.naver.com/webtoon/list.nhn?titleId=727836&weekday=mon,첫사랑입니다만,산차,9.92,"스토리, 드라마, 로맨스",전체연령가
월요 추천 웹툰TODAY : 2020.02.17,https://comic.naver.com/webtoon/list.nhn?titleId=737835&weekday=mon,아이키우는만화,쇼쇼,9.63,"에피소드, 일상",전체연령가
월요 추천 웹툰TODAY : 2020.02.17,https://comic.naver.com/webtoon/list.nhn?titleId=739115&weekday=mon,앵무살수,김성진,9.93,"스토리, 판타지, 액션, 감성",15세 이용가
월요 추천 웹툰TODAY : 2020.02.17,https://comic.naver.com/webtoon/list.nhn?titleId=738488&weekday=mon,지구멸망버튼,박장고 / 신동구,9.68,"스토리, 판타지, 액션",12세 이용가
월요 추천 웹툰TODAY : 2020.02.17,https://comic.naver.com/webtoon/list.nhn?titleId=725830&weekday=mon,같은도장,이힝,9.98,"스토리, 로맨스, 스포츠",전체연령가
월요 추천 웹툰TODAY : 2020.02.17,https://comic.naver.com/webtoon/list.nhn?titleId=687915&weekday=mon,꿈의 기업,문지현,9.97,"스토리, 판타지, 스릴러",12세 이용가
월요 추천 웹툰TODAY : 2020.02.17,https://comic.naver.com/webtoon/list.nhn?titleId=727838&weekday=mon,위대한 방옥숙,매미 / 희세,9.95,"스토리, 드라마",12세 이용가
월요 추천 웹툰TODAY : 2020.02.17,https://comic.naver.com/webtoon/list.nhn?titleId=726212&weekday=mon,삶이 우리를 속일지라도,김지수,9.93,"스토리, 드라마, 로맨스",전체연령가
월요 추천 웹툰TODAY : 2020.02.17,https://comic.naver.com/webtoon/list.nhn?titleId=700858&weekday=mon,닥터 하운드,아루아니 / 레임,9.98,"스토리, 드라마, 스릴러",18세 이용가
월요 추천 웹툰TODAY : 2020.02.17,https://comic.naver.com/webtoon/list.nhn?titleId=706590&weekday=mon,피플,서승준 / 손창균,9.89,"스토리, 드라마",12세 이용가
월요 추천 웹툰TODAY : 2020.02.17,https://comic.naver.com/webtoon/list.nhn?titleId=733078&weekday=mon,정보전사 202,이작가,7.89,"스토리, 판타지, 액션, 드라마, 스릴러",12세 이용가
월요 추천 웹툰TODAY : 2020.02.17,https://comic.naver.com/webtoon/list.nhn?titleId=730465&weekday=mon,지옥,연상호 / 최규석,9.64,"에피소드, 드라마, 스릴러",15세 이용가
월요 추천 웹툰TODAY : 2020.02.17,https://comic.naver.com/webtoon/list.nhn?titleId=726189&weekday=mon,요괴대전,강두식 / 장부규,9.72,"스토리, 판타지, 액션",15세 이용가
월요 추천 웹툰TODAY : 2020.02.17,https://comic.naver.com/webtoon/list.nhn?titleId=720120&weekday=mon,내 어린고양이와 늙은개 (재),초,9.91,"에피소드, 일상, 드라마, 감성",전체연령가
월요 추천 웹툰TODAY : 2020.02.17,https://comic.naver.com/webtoon/list.nhn?titleId=740132&weekday=mon,중독연구소,김택기,9.78,옴니버스,전체연령가
월요 추천 웹툰TODAY : 2020.02.17,https://comic.naver.com/webtoon/list.nhn?titleId=730391&weekday=mon,하슬라,까를로스 / 유상진,9.94,"스토리, 액션, 드라마, 스릴러",15세 이용가
월요 추천 웹툰TODAY : 2020.02.17,https://comic.naver.com/webtoon/list.nhn?titleId=721455&weekday=mon,뱀파이어의 꽃,카나리아 / 동물,9.83,"스토리, 로맨스",12세 이용가
월요 추천 웹툰TODAY : 2020.02.17,https://comic.naver.com/webtoon/list.nhn?titleId=734918&weekday=mon,모락모락 왕세자님,원해,9.93,"스토리, 드라마, 로맨스",전체연령가
월요 추천 웹툰TODAY : 2020.02.17,https://comic.naver.com/webtoon/list.nhn?titleId=733770&weekday=mon,인간의 온도,이재익 / 양세준,9.89,"스토리, 액션, 드라마",15세 이용가
월요 추천 웹툰TODAY : 2020.02.17,https://comic.naver.com/webtoon/list.nhn?titleId=730811&weekday=mon,사소한 냐냐,LICO,9.89,"에피소드, 일상, 개그",전체연령가
월요 추천 웹툰TODAY : 2020.02.17,https://comic.naver.com/webtoon/list.nhn?titleId=737378&weekday=mon,블루투스,국승원,9.44,"스토리, 판타지, 드라마, 감성",전체연령가
월요 추천 웹툰TODAY : 2020.02.17,https://comic.naver.com/webtoon/list.nhn?titleId=737020&weekday=mon,물레,고긱,9.68,"스토리, 일상, 드라마, 감성",12세 이용가
월요 추천 웹툰TODAY : 2020.02.17,https://comic.naver.com/webtoon/list.nhn?titleId=734399&weekday=mon,여기 악마가 있어,맷집왕,9.90,"스토리, 판타지, 액션",전체연령가
월요 추천 웹툰TODAY : 2020.02.17,https://comic.naver.com/webtoon/list.nhn?titleId=728007&weekday=mon,도플갱어의 게임,킹스날 / 쥐주,9.83,"스토리, 드라마, 스릴러",15세 이용가
화요 추천 웹툰TODAY : 2020.02.18,https://comic.naver.com/webtoon/list.nhn?titleId=703846&weekday=tue,여신강림,야옹이,9.84,"스토리, 드라마, 로맨스",12세 이용가
화요 추천 웹툰TODAY : 2020.02.18,https://comic.naver.com/webtoon/list.nhn?titleId=20853&weekday=tue,마음의소리,조석,9.86,"에피소드, 일상, 개그",전체연령가
화요 추천 웹툰TODAY : 2020.02.18,https://comic.naver.com/webtoon/list.nhn?titleId=702608&weekday=tue,랜덤채팅의 그녀!,박은혁,9.75,"스토리, 일상, 개그, 드라마",15세 이용가
화요 추천 웹툰TODAY : 2020.02.18,https://comic.naver.com/webtoon/list.nhn?titleId=642653&weekday=tue,사이드킥 2~3,신의철,9.97,"스토리, 판타지, 액션",15세 이용가
화요 추천 웹툰TODAY : 2020.02.18,https://comic.naver.com/webtoon/list.nhn?titleId=683496&weekday=tue,신도림,오세형,9.96,"스토리, 판타지, 액션",15세 이용가
화요 추천 웹툰TODAY : 2020.02.18,https://comic.naver.com/webtoon/list.nhn?titleId=698918&weekday=tue,원주민 공포만화,원주민,9.93,"스토리, 개그, 스릴러",15세 이용가
화요 추천 웹툰TODAY : 2020.02.18,https://comic.naver.com/webtoon/list.nhn?titleId=730656&weekday=tue,사신소년,류,9.94,"스토리, 판타지, 액션",15세 이용가
화요 추천 웹툰TODAY : 2020.02.18,https://comic.naver.com/webtoon/list.nhn?titleId=602287&weekday=tue,신의 언어,장래혁,9.78,"스토리, 판타지",12세 이용가
화요 추천 웹툰TODAY : 2020.02.18,https://comic.naver.com/webtoon/list.nhn?titleId=695321&weekday=tue,빙탕후루,장희 / 주호민,9.97,"에피소드, 판타지, 드라마, 시대극",15세 이용가
화요 추천 웹툰TODAY : 2020.02.18,https://comic.naver.com/webtoon/list.nhn?titleId=738487&weekday=tue,하루만 네가 되고 싶어,삼,9.98,"스토리, 판타지, 드라마",전체연령가
화요 추천 웹툰TODAY : 2020.02.18,https://comic.naver.com/webtoon/list.nhn?titleId=702672&weekday=tue,노곤하개,홍끼,9.98,"에피소드, 일상, 개그",전체연령가
화요 추천 웹툰TODAY : 2020.02.18,https://comic.naver.com/webtoon/list.nhn?titleId=654138&weekday=tue,은주의 방 2~3부,노란구미,9.94,"스토리, 일상, 드라마",전체연령가
화요 추천 웹툰TODAY : 2020.02.18,https://comic.naver.com/webtoon/list.nhn?titleId=616239&weekday=tue,윌유메리미,마인드C,9.93,"에피소드, 일상, 개그",전체연령가
화요 추천 웹툰TODAY : 2020.02.18,https://comic.naver.com/webtoon/list.nhn?titleId=400739&weekday=tue,에이머,구동인,9.78,"스토리, 판타지",전체연령가
화요 추천 웹툰TODAY : 2020.02.18,https://comic.naver.com/webtoon/list.nhn?titleId=738174&weekday=tue,중증외상센터 : 골든 아워,한산이가 / 홍비치라,9.94,"스토리, 드라마",15세 이용가
화요 추천 웹툰TODAY : 2020.02.18,https://comic.naver.com/webtoon/list.nhn?titleId=711422&weekday=tue,삼국지톡,무적핑크 / 이리,9.96,"에피소드, 개그, 시대극",12세 이용가
화요 추천 웹툰TODAY : 2020.02.18,https://comic.naver.com/webtoon/list.nhn?titleId=710750&weekday=tue,악마와 계약연애,장진 / 움비,9.98,"스토리, 판타지, 드라마, 로맨스",12세 이용가
화요 추천 웹툰TODAY : 2020.02.18,https://comic.naver.com/webtoon/list.nhn?titleId=676695&weekday=tue,제로게임,즐바센,9.97,"스토리, 판타지, 드라마",12세 이용가
화요 추천 웹툰TODAY : 2020.02.18,https://comic.naver.com/webtoon/list.nhn?titleId=686312&weekday=tue,열정호구,솔뱅이,9.92,"에피소드, 일상, 드라마",전체연령가
화요 추천 웹툰TODAY : 2020.02.18,https://comic.naver.com/webtoon/list.nhn?titleId=703850&weekday=tue,자판귀,윤정민,9.96,"에피소드, 감성, 스릴러",전체연령가
화요 추천 웹툰TODAY : 2020.02.18,https://comic.naver.com/webtoon/list.nhn?titleId=723046&weekday=tue,하우스키퍼,채용택 / 유현,9.97,"스토리, 판타지, 액션",15세 이용가
화요 추천 웹툰TODAY : 2020.02.18,https://comic.naver.com/webtoon/list.nhn?titleId=732953&weekday=tue,어글리 피플즈,배사과,9.74,"스토리, 일상, 드라마, 스릴러",15세 이용가
화요 추천 웹툰TODAY : 2020.02.18,https://comic.naver.com/webtoon/list.nhn?titleId=710758&weekday=tue,문래빗,이난,9.97,"스토리, 개그, 판타지, 액션",12세 이용가
화요 추천 웹툰TODAY : 2020.02.18,https://comic.naver.com/webtoon/list.nhn?titleId=721433&weekday=tue,집이 없어,와난,9.93,"스토리, 일상, 드라마, 감성",전체연령가
화요 추천 웹툰TODAY : 2020.02.18,https://comic.naver.com/webtoon/list.nhn?titleId=733458&weekday=tue,3cm 헌터,돌연변이,9.91,"스토리, 판타지, 액션, 스릴러",15세 이용가
화요 추천 웹툰TODAY : 2020.02.18,https://comic.naver.com/webtoon/list.nhn?titleId=719508&weekday=tue,헬58,장성준,9.94,"스토리, 액션, 스릴러",18세 이용가
화요 추천 웹툰TODAY : 2020.02.18,https://comic.naver.com/webtoon/list.nhn?titleId=725831&weekday=tue,땅 보고 걷는 아이,다온,9.95,"스토리, 드라마, 감성",15세 이용가
화요 추천 웹툰TODAY : 2020.02.18,https://comic.naver.com/webtoon/list.nhn?titleId=726214&weekday=tue,정년이,서이레 / 나몬,9.98,"스토리, 드라마, 감성, 시대극",전체연령가
화요 추천 웹툰TODAY : 2020.02.18,https://comic.naver.com/webtoon/list.nhn?titleId=740034&weekday=tue,견우와 선녀,안수민,9.96,"스토리, 판타지, 드라마",전체연령가
화요 추천 웹툰TODAY : 2020.02.18,https://comic.naver.com/webtoon/list.nhn?titleId=731063&weekday=tue,킬링타임,혼,9.94,"스토리, 판타지, 액션, 스릴러",15세 이용가
화요 추천 웹툰TODAY : 2020.02.18,https://comic.naver.com/webtoon/list.nhn?titleId=730148&weekday=tue,피와 살,황준호,9.96,"스토리, 판타지, 스릴러",18세 이용가
화요 추천 웹툰TODAY : 2020.02.18,https://comic.naver.com/webtoon/list.nhn?titleId=626906&weekday=tue,패밀리 사이즈,남지은 / 김인호,9.97,"에피소드, 일상",전체연령가
화요 추천 웹툰TODAY : 2020.02.18,https://comic.naver.com/webtoon/list.nhn?titleId=739114&weekday=tue,아이고 아이고,하모,9.87,"스토리, 드라마, 감성",전체연령가
화요 추천 웹툰TODAY : 2020.02.18,https://comic.naver.com/webtoon/list.nhn?titleId=733080&weekday=tue,그놈은 흑염룡,혜진양,9.97,"스토리, 드라마, 로맨스",전체연령가
화요 추천 웹툰TODAY : 2020.02.18,https://comic.naver.com/webtoon/list.nhn?titleId=738145&weekday=tue,숲속의 담,다홍,9.98,"스토리, 드라마, 감성",전체연령가
화요 추천 웹툰TODAY : 2020.02.18,https://comic.naver.com/webtoon/list.nhn?titleId=732988&weekday=tue,올가미,해무리,9.93,"스토리, 판타지, 드라마, 스릴러",15세 이용가
화요 추천 웹툰TODAY : 2020.02.18,https://comic.naver.com/webtoon/list.nhn?titleId=733765&weekday=tue,저세상 클라스!,꾀돌이,9.96,"스토리, 개그, 판타지, 액션",전체연령가
화요 추천 웹툰TODAY : 2020.02.18,https://comic.naver.com/webtoon/list.nhn?titleId=738972&weekday=tue,낢과 여정이의 신비한 여행,서나래,9.85,"에피소드, 일상, 개그",전체연령가
화요 추천 웹툰TODAY : 2020.02.18,https://comic.naver.com/webtoon/list.nhn?titleId=738483&weekday=tue,안식의 밤,연제원,9.93,"스토리, 액션, 스릴러",15세 이용가
화요 추천 웹툰TODAY : 2020.02.18,https://comic.naver.com/webtoon/list.nhn?titleId=733006&weekday=tue,너에게만 보이는,소소만,9.97,"스토리, 드라마, 로맨스, 감성",전체연령가
화요 추천 웹툰TODAY : 2020.02.18,https://comic.naver.com/webtoon/list.nhn?titleId=731019&weekday=tue,그날 죽은 나는,이언,9.96,"스토리, 드라마",12세 이용가
화요 추천 웹툰TODAY : 2020.02.18,https://comic.naver.com/webtoon/list.nhn?titleId=720810&weekday=tue,블랙엔젤,meen / 이동현,9.64,"스토리, 액션",15세 이용가
화요 추천 웹툰TODAY : 2020.02.18,https://comic.naver.com/webtoon/list.nhn?titleId=737019&weekday=tue,조선홍보대행사 조대박,김양수,9.86,"스토리, 일상, 개그, 판타지",전체연령가
화요 추천 웹툰TODAY : 2020.02.18,https://comic.naver.com/webtoon/list.nhn?titleId=738144&weekday=tue,별종,이무기,9.89,"스토리, 판타지, 액션, 드라마, 스릴러",15세 이용가
화요 추천 웹툰TODAY : 2020.02.18,https://comic.naver.com/webtoon/list.nhn?titleId=735247&weekday=tue,장단에 맞춰줘!,햇님,9.69,"스토리, 개그, 로맨스",12세 이용가
수요 추천 웹툰TODAY : 2020.02.12,https://comic.naver.com/webtoon/list.nhn?titleId=662774&weekday=wed,고수,류기운 / 문정후,9.98,"스토리, 판타지, 액션",15세 이용가
수요 추천 웹툰TODAY : 2020.02.12,https://comic.naver.com/webtoon/list.nhn?titleId=651673&weekday=wed,유미의 세포들,이동건,9.93,"에피소드, 일상, 개그, 로맨스",12세 이용가
수요 추천 웹툰TODAY : 2020.02.12,https://comic.naver.com/webtoon/list.nhn?titleId=626907&weekday=wed,복학왕,기안84,9.20,"스토리, 드라마",15세 이용가
수요 추천 웹툰TODAY : 2020.02.12,https://comic.naver.com/webtoon/list.nhn?titleId=667573&weekday=wed,연놈,상하,9.92,"스토리, 일상, 드라마, 로맨스",12세 이용가
수요 추천 웹툰TODAY : 2020.02.12,https://comic.naver.com/webtoon/list.nhn?titleId=670143&weekday=wed,헬퍼 2 : 킬베로스,삭,9.90,"스토리, 액션",18세 이용가
수요 추천 웹툰TODAY : 2020.02.12,https://comic.naver.com/webtoon/list.nhn?titleId=710747&weekday=wed,세상은 돈과 권력,한동우 / 이도희,9.88,"에피소드, 일상, 드라마, 스릴러",15세 이용가
수요 추천 웹툰TODAY : 2020.02.12,https://comic.naver.com/webtoon/list.nhn?titleId=701535&weekday=wed,격기3반,이학,9.55,"스토리, 스포츠",12세 이용가
수요 추천 웹툰TODAY : 2020.02.12,https://comic.naver.com/webtoon/list.nhn?titleId=723714&weekday=wed,용비불패 완전판,류기운 / 문정후,9.98,"스토리, 판타지, 액션, 시대극",15세 이용가
수요 추천 웹툰TODAY : 2020.02.12,https://comic.naver.com/webtoon/list.nhn?titleId=603159&weekday=wed,레사 시즌2~3,POGO,9.96,"스토리, 판타지",12세 이용가
수요 추천 웹툰TODAY : 2020.02.12,https://comic.naver.com/webtoon/list.nhn?titleId=728126&weekday=wed,고삼무쌍,B급달궁 / 하마,9.94,"스토리, 액션",15세 이용가
수요 추천 웹툰TODAY : 2020.02.12,https://comic.naver.com/webtoon/list.nhn?titleId=710760&weekday=wed,이츠마인,럭스,9.97,"스토리, 드라마, 스릴러",15세 이용가
수요 추천 웹툰TODAY : 2020.02.12,https://comic.naver.com/webtoon/list.nhn?titleId=671421&weekday=wed,언덕 위의 제임스,쿠당탕,9.92,"에피소드, 개그",전체연령가
수요 추천 웹툰TODAY : 2020.02.12,https://comic.naver.com/webtoon/list.nhn?titleId=721457&weekday=wed,그래서 나는 안티팬과 결혼했다,재림,9.95,"스토리, 로맨스",전체연령가
수요 추천 웹툰TODAY : 2020.02.12,https://comic.naver.com/webtoon/list.nhn?titleId=725829&weekday=wed,아도나이,주동근,9.94,"스토리, 판타지, 드라마, 스릴러",15세 이용가
수요 추천 웹툰TODAY : 2020.02.12,https://comic.naver.com/webtoon/list.nhn?titleId=735979&weekday=wed,얼굴천재,지에이,9.85,"스토리, 일상, 판타지, 액션, 드라마",12세 이용가
수요 추천 웹툰TODAY : 2020.02.12,https://comic.naver.com/webtoon/list.nhn?titleId=718020&weekday=wed,귀곡의 문,삼촌,9.99,"스토리, 개그, 드라마",12세 이용가
수요 추천 웹툰TODAY : 2020.02.12,https://comic.naver.com/webtoon/list.nhn?titleId=730425&weekday=wed,판타지 여동생!,유누,9.82,"스토리, 판타지",전체연령가
수요 추천 웹툰TODAY : 2020.02.12,https://comic.naver.com/webtoon/list.nhn?titleId=738143&weekday=wed,여주실격!,기맹기,9.96,"스토리, 드라마, 로맨스",15세 이용가
수요 추천 웹툰TODAY : 2020.02.12,https://comic.naver.com/webtoon/list.nhn?titleId=733079&weekday=wed,원수를 사랑하라,정윤 / 태건,9.95,"스토리, 드라마, 로맨스",전체연령가
수요 추천 웹툰TODAY : 2020.02.12,https://comic.naver.com/webtoon/list.nhn?titleId=728015&weekday=wed,모죠의 일지,모죠,9.98,"에피소드, 일상, 개그",전체연령가
수요 추천 웹툰TODAY : 2020.02.12,https://comic.naver.com/webtoon/list.nhn?titleId=717481&weekday=wed,일렉시드,손제호 / 제나,9.54,"스토리, 판타지, 액션",12세 이용가
수요 추천 웹툰TODAY : 2020.02.12,https://comic.naver.com/webtoon/list.nhn?titleId=316909&weekday=wed,그 판타지 세계에서 사는 법,촌장,9.98,"스토리, 판타지",전체연령가
수요 추천 웹툰TODAY : 2020.02.12,https://comic.naver.com/webtoon/list.nhn?titleId=731297&weekday=wed,갓물주,HD3,9.91,"스토리, 일상, 판타지, 드라마",전체연령가
수요 추천 웹툰TODAY : 2020.02.12,https://comic.naver.com/webtoon/list.nhn?titleId=731978&weekday=wed,정순애 식당,아르몽,9.98,"스토리, 일상, 드라마, 로맨스, 감성",전체연령가
수요 추천 웹툰TODAY : 2020.02.12,https://comic.naver.com/webtoon/list.nhn?titleId=733034&weekday=wed,방탈출,십박,9.92,"스토리, 드라마, 스릴러",15세 이용가
수요 추천 웹툰TODAY : 2020.02.12,https://comic.naver.com/webtoon/list.nhn?titleId=736744&weekday=wed,캐슬,정연,9.92,"스토리, 액션, 드라마",15세 이용가
수요 추천 웹툰TODAY : 2020.02.12,https://comic.naver.com/webtoon/list.nhn?titleId=670140&weekday=wed,203호 저승사자,샤니,9.91,"에피소드, 개그",전체연령가
수요 추천 웹툰TODAY : 2020.02.12,https://comic.naver.com/webtoon/list.nhn?titleId=635174&weekday=wed,씬커,권혁주,9.54,"스토리, 판타지, 액션",전체연령가
수요 추천 웹툰TODAY : 2020.02.12,https://comic.naver.com/webtoon/list.nhn?titleId=602916&weekday=wed,칼부림,고일권,9.90,"스토리, 시대극",12세 이용가
수요 추천 웹툰TODAY : 2020.02.12,https://comic.naver.com/webtoon/list.nhn?titleId=727268&weekday=wed,커넥트,신대성,9.59,"스토리, 드라마, 스릴러",15세 이용가
수요 추천 웹툰TODAY : 2020.02.12,https://comic.naver.com/webtoon/list.nhn?titleId=736281&weekday=wed,럭키언럭키,가천가,9.91,"스토리, 개그, 판타지, 액션",전체연령가
수요 추천 웹툰TODAY : 2020.02.12,https://comic.naver.com/webtoon/list.nhn?titleId=737836&weekday=wed,오버더문,포르토 / 이승준,9.94,"스토리, 액션, 드라마, 스릴러",15세 이용가
수요 추천 웹툰TODAY : 2020.02.12,https://comic.naver.com/webtoon/list.nhn?titleId=722386&weekday=wed,오라존미,허5파6,9.98,"스토리, 일상, 드라마, 감성",전체연령가
수요 추천 웹툰TODAY : 2020.02.12,https://comic.naver.com/webtoon/list.nhn?titleId=732955&weekday=wed,닥터앤닥터 육아일기,닥터베르,9.97,"에피소드, 일상, 개그, 드라마",전체연령가
수요 추천 웹툰TODAY : 2020.02.12,https://comic.naver.com/webtoon/list.nhn?titleId=714834&weekday=wed,자취로운 생활,츄카피,9.96,"에피소드, 일상, 개그",전체연령가
수요 추천 웹툰TODAY : 2020.02.12,https://comic.naver.com/webtoon/list.nhn?titleId=733137&weekday=wed,어쩐지 수상하더라,디기사 / 두둥,9.76,"스토리, 개그, 드라마, 로맨스, 스릴러",12세 이용가
수요 추천 웹툰TODAY : 2020.02.12,https://comic.naver.com/webtoon/list.nhn?titleId=720120&weekday=wed,내 어린고양이와 늙은개 (재),초,9.91,"에피소드, 일상, 드라마, 감성",전체연령가
수요 추천 웹툰TODAY : 2020.02.12,https://comic.naver.com/webtoon/list.nhn?titleId=732259&weekday=wed,텃밭부 사건일지,오이츄,9.98,"스토리, 일상, 개그, 드라마",전체연령가
수요 추천 웹툰TODAY : 2020.02.12,https://comic.naver.com/webtoon/list.nhn?titleId=739113&weekday=wed,기억흔적,브라보 장,9.80,"스토리, 판타지, 액션, 스릴러",15세 이용가
수요 추천 웹툰TODAY : 2020.02.12,https://comic.naver.com/webtoon/list.nhn?titleId=734041&weekday=wed,밀웜,쿼시,9.84,"스토리, 일상, 드라마",12세 이용가
수요 추천 웹툰TODAY : 2020.02.12,https://comic.naver.com/webtoon/list.nhn?titleId=731939&weekday=wed,나의 우주,공이 / 김문경,9.94,"스토리, 판타지, 드라마, 로맨스",전체연령가
수요 추천 웹툰TODAY : 2020.02.12,https://comic.naver.com/webtoon/list.nhn?titleId=697254&weekday=wed,푸른사막 아아루,달꽃,9.97,"스토리, 드라마, 로맨스",12세 이용가
수요 추천 웹툰TODAY : 2020.02.12,https://comic.naver.com/webtoon/list.nhn?titleId=737009&weekday=wed,FM보이,육일공,9.95,"스토리, 개그, 드라마, 로맨스",전체연령가
수요 추천 웹툰TODAY : 2020.02.12,https://comic.naver.com/webtoon/list.nhn?titleId=735254&weekday=wed,신선비,이서현,9.88,"스토리, 드라마, 로맨스, 스릴러",전체연령가
수요 추천 웹툰TODAY : 2020.02.12,https://comic.naver.com/webtoon/list.nhn?titleId=716164&weekday=wed,로베스의 완전감각,정샛별,9.97,"스토리, 판타지, 액션",전체연령가
수요 추천 웹툰TODAY : 2020.02.12,https://comic.naver.com/webtoon/list.nhn?titleId=735982&weekday=wed,귀신이지만 사랑하고 싶어,엔엔 / 오제이,9.90,"스토리, 판타지, 로맨스, 감성",12세 이용가
수요 추천 웹툰TODAY : 2020.02.12,https://comic.naver.com/webtoon/list.nhn?titleId=736699&weekday=wed,저승사자 출입금지,심웅섭,9.89,"스토리, 판타지, 액션, 드라마",12세 이용가
목요 추천 웹툰TODAY : 2020.02.13,https://comic.naver.com/webtoon/list.nhn?titleId=570503&weekday=thu,연애혁명,232,9.88,"스토리, 개그, 드라마",12세 이용가
목요 추천 웹툰TODAY : 2020.02.13,https://comic.naver.com/webtoon/list.nhn?titleId=715772&weekday=thu,좀비딸,이윤창,9.97,"스토리, 개그, 판타지, 감성",전체연령가
목요 추천 웹툰TODAY : 2020.02.13,https://comic.naver.com/webtoon/list.nhn?titleId=736989&weekday=thu,더 복서,정지훈,9.94,"스토리, 액션, 드라마",15세 이용가
목요 추천 웹툰TODAY : 2020.02.13,https://comic.naver.com/webtoon/list.nhn?titleId=570506&weekday=thu,최강전설 강해효,최병열,9.66,"스토리, 액션, 드라마",15세 이용가
목요 추천 웹툰TODAY : 2020.02.13,https://comic.naver.com/webtoon/list.nhn?titleId=731130&weekday=thu,이두나!,민송아,9.97,"스토리, 개그, 드라마, 로맨스",12세 이용가
목요 추천 웹툰TODAY : 2020.02.13,https://comic.naver.com/webtoon/list.nhn?titleId=637931&weekday=thu,전자오락수호대,가스파드,9.97,"스토리, 개그, 판타지",전체연령가
목요 추천 웹툰TODAY : 2020.02.13,https://comic.naver.com/webtoon/list.nhn?titleId=739503&weekday=thu,화이트 블러드,임리나,9.96,"스토리, 판타지, 액션, 로맨스",15세 이용가
목요 추천 웹툰TODAY : 2020.02.13,https://comic.naver.com/webtoon/list.nhn?titleId=699415&weekday=thu,간 떨어지는 동거,나,9.98,"스토리, 일상, 개그, 판타지, 드라마, 로맨스",전체연령가
목요 추천 웹툰TODAY : 2020.02.13,https://comic.naver.com/webtoon/list.nhn?titleId=710761&weekday=thu,하드캐리,조양,9.91,"스토리, 판타지",전체연령가
목요 추천 웹툰TODAY : 2020.02.13,https://comic.naver.com/webtoon/list.nhn?titleId=131385&weekday=thu,쿠베라,카레곰,9.96,"스토리, 판타지",전체연령가
목요 추천 웹툰TODAY : 2020.02.13,https://comic.naver.com/webtoon/list.nhn?titleId=670144&weekday=thu,가담항설,랑또,9.98,"스토리, 개그, 판타지, 시대극",12세 이용가
목요 추천 웹툰TODAY : 2020.02.13,https://comic.naver.com/webtoon/list.nhn?titleId=727798&weekday=thu,겟백,세윤,9.98,"에피소드, 액션, 드라마, 스릴러",15세 이용가
목요 추천 웹툰TODAY : 2020.02.13,https://comic.naver.com/webtoon/list.nhn?titleId=728619&weekday=thu,병의 기록,베어리,9.82,"에피소드, 일상, 드라마, 감성",12세 이용가
목요 추천 웹툰TODAY : 2020.02.13,https://comic.naver.com/webtoon/list.nhn?titleId=729964&weekday=thu,만물의 영장,보민,9.98,"에피소드, 일상, 개그, 판타지",전체연령가
목요 추천 웹툰TODAY : 2020.02.13,https://comic.naver.com/webtoon/list.nhn?titleId=729086&weekday=thu,이계 무슨 황비,전현서 / 은영,9.97,"스토리, 판타지, 로맨스",12세 이용가
목요 추천 웹툰TODAY : 2020.02.13,https://comic.naver.com/webtoon/list.nhn?titleId=730389&weekday=thu,어쩔꼰대,강선율 / Jencil,9.88,"스토리, 판타지, 액션",12세 이용가
목요 추천 웹툰TODAY : 2020.02.13,https://comic.naver.com/webtoon/list.nhn?titleId=737835&weekday=thu,아이키우는만화,쇼쇼,9.63,"에피소드, 일상",전체연령가
목요 추천 웹툰TODAY : 2020.02.13,https://comic.naver.com/webtoon/list.nhn?titleId=729040&weekday=thu,가타부타타,숭어,9.96,"스토리, 드라마, 로맨스",전체연령가
목요 추천 웹툰TODAY : 2020.02.13,https://comic.naver.com/webtoon/list.nhn?titleId=738194&weekday=thu,당신의 과녁,고태호,9.93,"스토리, 드라마, 스릴러",15세 이용가
목요 추천 웹툰TODAY : 2020.02.13,https://comic.naver.com/webtoon/list.nhn?titleId=731930&weekday=thu,안개무덤,김태영,9.94,"스토리, 판타지, 스릴러",15세 이용가
목요 추천 웹툰TODAY : 2020.02.13,https://comic.naver.com/webtoon/list.nhn?titleId=710768&weekday=thu,아르마,병장,9.96,"스토리, 판타지, 액션",15세 이용가
목요 추천 웹툰TODAY : 2020.02.13,https://comic.naver.com/webtoon/list.nhn?titleId=726842&weekday=thu,무모협지,초신우,9.95,"스토리, 개그, 액션, 드라마, 시대극",12세 이용가
목요 추천 웹툰TODAY : 2020.02.13,https://comic.naver.com/webtoon/list.nhn?titleId=733033&weekday=thu,로그아웃,임목원,9.91,"옴니버스, 판타지, 드라마, 스릴러",전체연령가
목요 추천 웹툰TODAY : 2020.02.13,https://comic.naver.com/webtoon/list.nhn?titleId=737032&weekday=thu,셧업앤댄스,이은재,9.96,"스토리, 일상, 드라마, 감성",전체연령가
목요 추천 웹툰TODAY : 2020.02.13,https://comic.naver.com/webtoon/list.nhn?titleId=160469&weekday=thu,특수 영능력 수사반,사다함,9.55,"스토리, 판타지",12세 이용가
목요 추천 웹툰TODAY : 2020.02.13,https://comic.naver.com/webtoon/list.nhn?titleId=670145&weekday=thu,킬더킹,마사토끼 / joana,9.61,"스토리, 드라마, 스릴러",전체연령가
목요 추천 웹툰TODAY : 2020.02.13,https://comic.naver.com/webtoon/list.nhn?titleId=701700&weekday=thu,트롤트랩,유비,9.96,"스토리, 판타지, 액션",12세 이용가
목요 추천 웹툰TODAY : 2020.02.13,https://comic.naver.com/webtoon/list.nhn?titleId=738843&weekday=thu,불릿 6미리,김도근,9.69,"스토리, 액션, 드라마, 스포츠",전체연령가
목요 추천 웹툰TODAY : 2020.02.13,https://comic.naver.com/webtoon/list.nhn?titleId=724482&weekday=thu,미드나잇 체이서,석재윤,9.69,"스토리, 액션, 드라마, 스포츠",15세 이용가
목요 추천 웹툰TODAY : 2020.02.13,https://comic.naver.com/webtoon/list.nhn?titleId=715935&weekday=thu,롤랑롤랑,자유,9.98,"스토리, 일상, 판타지, 드라마",전체연령가
목요 추천 웹툰TODAY : 2020.02.13,https://comic.naver.com/webtoon/list.nhn?titleId=739439&weekday=thu,손아귀,황정훈,9.89,"스토리, 액션, 드라마, 스릴러",15세 이용가
목요 추천 웹툰TODAY : 2020.02.13,https://comic.naver.com/webtoon/list.nhn?titleId=733077&weekday=thu,깁스맨,맹물,9.88,"스토리, 일상, 판타지",12세 이용가
목요 추천 웹툰TODAY : 2020.02.13,https://comic.naver.com/webtoon/list.nhn?titleId=738173&weekday=thu,셈하는 사이,면지,9.95,"스토리, 판타지, 드라마, 로맨스",전체연령가
목요 추천 웹툰TODAY : 2020.02.13,https://comic.naver.com/webtoon/list.nhn?titleId=733076&weekday=thu,겟라이프,MOOHAK,9.83,"스토리, 판타지, 액션",12세 이용가
목요 추천 웹툰TODAY : 2020.02.13,https://comic.naver.com/webtoon/list.nhn?titleId=727191&weekday=thu,모퉁이 뜨개방,소영,9.99,"스토리, 일상, 판타지, 드라마, 감성",전체연령가
목요 추천 웹툰TODAY : 2020.02.13,https://comic.naver.com/webtoon/list.nhn?titleId=726091&weekday=thu,오일머니,정하용 / 펜촉,9.95,"스토리, 액션, 드라마",15세 이용가
목요 추천 웹툰TODAY : 2020.02.13,https://comic.naver.com/webtoon/list.nhn?titleId=736274&weekday=thu,밤하늘에 구름운,견지 / 그리온,9.96,"스토리, 판타지, 로맨스",전체연령가
목요 추천 웹툰TODAY : 2020.02.13,https://comic.naver.com/webtoon/list.nhn?titleId=736928&weekday=thu,스테어스,옹구,9.09,"스토리, 판타지, 액션",12세 이용가
목요 추천 웹툰TODAY : 2020.02.13,https://comic.naver.com/webtoon/list.nhn?titleId=718017&weekday=thu,방 안의 코끼리,고요,9.98,"스토리, 드라마, 로맨스",전체연령가
목요 추천 웹툰TODAY : 2020.02.13,https://comic.naver.com/webtoon/list.nhn?titleId=732255&weekday=thu,갓도령스,도로롱,9.95,"스토리, 개그, 드라마, 로맨스, 감성",전체연령가
목요 추천 웹툰TODAY : 2020.02.13,https://comic.naver.com/webtoon/list.nhn?titleId=736875&weekday=thu,네트를 넘어 V,박현수,9.14,"스토리, 드라마",전체연령가
목요 추천 웹툰TODAY : 2020.02.13,https://comic.naver.com/webtoon/list.nhn?titleId=730811&weekday=thu,사소한 냐냐,LICO,9.89,"에피소드, 일상, 개그",전체연령가
목요 추천 웹툰TODAY : 2020.02.13,https://comic.naver.com/webtoon/list.nhn?titleId=721459&weekday=thu,날 가져요,로즈빈 / 원펀치래빗,9.92,"스토리, 드라마, 로맨스",전체연령가
목요 추천 웹툰TODAY : 2020.02.13,https://comic.naver.com/webtoon/list.nhn?titleId=733638&weekday=thu,열등의 조건,또이,9.88,"스토리, 드라마, 스릴러",12세 이용가
목요 추천 웹툰TODAY : 2020.02.13,https://comic.naver.com/webtoon/list.nhn?titleId=730202&weekday=thu,루시퍼의 경호원,문설희 / 직선,9.53,"스토리, 판타지, 드라마, 로맨스",12세 이용가
금요 추천 웹툰TODAY : 2020.02.14,https://comic.naver.com/webtoon/list.nhn?titleId=641253&weekday=fri,외모지상주의,박태준,9.46,"스토리, 판타지, 드라마",15세 이용가
금요 추천 웹툰TODAY : 2020.02.14,https://comic.naver.com/webtoon/list.nhn?titleId=318995&weekday=fri,갓 오브 하이스쿨,박용제,9.68,"스토리, 액션",12세 이용가
금요 추천 웹툰TODAY : 2020.02.14,https://comic.naver.com/webtoon/list.nhn?titleId=701081&weekday=fri,스위트홈,김칸비 / 황영찬,9.98,"스토리, 액션, 드라마, 스릴러",15세 이용가
금요 추천 웹툰TODAY : 2020.02.14,https://comic.naver.com/webtoon/list.nhn?titleId=727189&weekday=fri,이제 곧 죽습니다,이원식 / 꿀찬,9.57,"스토리, 드라마",15세 이용가
금요 추천 웹툰TODAY : 2020.02.14,https://comic.naver.com/webtoon/list.nhn?titleId=552960&weekday=fri,더 게이머,성상영 / 상아,8.61,"스토리, 판타지, 액션",전체연령가
금요 추천 웹툰TODAY : 2020.02.14,https://comic.naver.com/webtoon/list.nhn?titleId=670149&weekday=fri,테러맨,한동우 / 고진호,9.96,"스토리, 액션",15세 이용가
금요 추천 웹툰TODAY : 2020.02.14,https://comic.naver.com/webtoon/list.nhn?titleId=655749&weekday=fri,닥터 프로스트 시즌 3~4,이종범,9.97,"스토리, 드라마, 감성, 스릴러",15세 이용가
금요 추천 웹툰TODAY : 2020.02.14,https://comic.naver.com/webtoon/list.nhn?titleId=725586&weekday=fri,1초,시니 / 광운,9.98,"스토리, 액션, 드라마",전체연령가
금요 추천 웹툰TODAY : 2020.02.14,https://comic.naver.com/webtoon/list.nhn?titleId=723714&weekday=fri,용비불패 완전판,류기운 / 문정후,9.98,"스토리, 판타지, 액션, 시대극",15세 이용가
금요 추천 웹툰TODAY : 2020.02.14,https://comic.naver.com/webtoon/list.nhn?titleId=735661&weekday=fri,재혼 황후,알파타르트 / 숨풀,9.94,"스토리, 판타지, 로맨스",12세 이용가
금요 추천 웹툰TODAY : 2020.02.14,https://comic.naver.com/webtoon/list.nhn?titleId=710754&weekday=fri,화장 지워주는 남자,이연,9.93,에피소드,전체연령가
금요 추천 웹툰TODAY : 2020.02.14,https://comic.naver.com/webtoon/list.nhn?titleId=700844&weekday=fri,걸어서 30분,이온도,9.98,"스토리, 드라마, 로맨스",전체연령가
금요 추천 웹툰TODAY : 2020.02.14,https://comic.naver.com/webtoon/list.nhn?titleId=711422&weekday=fri,삼국지톡,무적핑크 / 이리,9.96,"에피소드, 개그, 시대극",12세 이용가
금요 추천 웹툰TODAY : 2020.02.14,https://comic.naver.com/webtoon/list.nhn?titleId=723790&weekday=fri,금붕어,명랑 / 애풍,9.96,"스토리, 액션, 드라마",15세 이용가
금요 추천 웹툰TODAY : 2020.02.14,https://comic.naver.com/webtoon/list.nhn?titleId=729044&weekday=fri,난약,정현주 / 박진환,9.95,"스토리, 판타지, 액션",15세 이용가
금요 추천 웹툰TODAY : 2020.02.14,https://comic.naver.com/webtoon/list.nhn?titleId=524520&weekday=fri,트럼프,이채은,9.97,"스토리, 판타지",전체연령가
금요 추천 웹툰TODAY : 2020.02.14,https://comic.naver.com/webtoon/list.nhn?titleId=708452&weekday=fri,냐한남자,올소,9.98,"스토리, 개그, 판타지",전체연령가
금요 추천 웹툰TODAY : 2020.02.14,https://comic.naver.com/webtoon/list.nhn?titleId=734040&weekday=fri,현혹,홍작가,9.97,스토리,15세 이용가
금요 추천 웹툰TODAY : 2020.02.14,https://comic.naver.com/webtoon/list.nhn?titleId=735243&weekday=fri,복학생 정순이,한짜장,9.95,"스토리, 일상, 판타지, 드라마",12세 이용가
금요 추천 웹툰TODAY : 2020.02.14,https://comic.naver.com/webtoon/list.nhn?titleId=644112&weekday=fri,몽홀,장태산,9.93,"스토리, 시대극",전체연령가
금요 추천 웹툰TODAY : 2020.02.14,https://comic.naver.com/webtoon/list.nhn?titleId=685460&weekday=fri,골든 체인지,브림스,9.98,"스토리, 판타지",전체연령가
금요 추천 웹툰TODAY : 2020.02.14,https://comic.naver.com/webtoon/list.nhn?titleId=729571&weekday=fri,소심한 팔레트,한민기,9.97,"스토리, 드라마, 로맨스, 감성",전체연령가
금요 추천 웹툰TODAY : 2020.02.14,https://comic.naver.com/webtoon/list.nhn?titleId=729963&weekday=fri,가슴털 로망스,갸오오,9.89,"스토리, 개그, 액션",전체연령가
금요 추천 웹툰TODAY : 2020.02.14,https://comic.naver.com/webtoon/list.nhn?titleId=730466&weekday=fri,구독금지,김이연,9.94,"스토리, 드라마, 스릴러",15세 이용가
금요 추천 웹툰TODAY : 2020.02.14,https://comic.naver.com/webtoon/list.nhn?titleId=718019&weekday=fri,옆집친구,이한솔,9.91,"스토리, 드라마",12세 이용가
금요 추천 웹툰TODAY : 2020.02.14,https://comic.naver.com/webtoon/list.nhn?titleId=709732&weekday=fri,하르모니아,YOON / JINU,9.95,"스토리, 판타지, 스릴러",12세 이용가
금요 추천 웹툰TODAY : 2020.02.14,https://comic.naver.com/webtoon/list.nhn?titleId=737839&weekday=fri,도롱이,사이사,9.93,"스토리, 판타지, 드라마, 시대극",12세 이용가
금요 추천 웹툰TODAY : 2020.02.14,https://comic.naver.com/webtoon/list.nhn?titleId=729938&weekday=fri,금혼령-조선혼인금지령,천지혜 / 산책,9.95,"스토리, 드라마, 로맨스",전체연령가
금요 추천 웹툰TODAY : 2020.02.14,https://comic.naver.com/webtoon/list.nhn?titleId=737831&weekday=fri,9등급 뒤집기,아백,8.30,"스토리, 일상, 드라마",전체연령가
금요 추천 웹툰TODAY : 2020.02.14,https://comic.naver.com/webtoon/list.nhn?titleId=729767&weekday=fri,고래별,나윤희,9.98,"스토리, 드라마, 로맨스, 시대극",12세 이용가
금요 추천 웹툰TODAY : 2020.02.14,https://comic.naver.com/webtoon/list.nhn?titleId=718016&weekday=fri,소녀 연대기,지님,9.95,"스토리, 드라마, 감성",전체연령가
금요 추천 웹툰TODAY : 2020.02.14,https://comic.naver.com/webtoon/list.nhn?titleId=714834&weekday=fri,자취로운 생활,츄카피,9.96,"에피소드, 일상, 개그",전체연령가
금요 추천 웹툰TODAY : 2020.02.14,https://comic.naver.com/webtoon/list.nhn?titleId=726211&weekday=fri,사우러스,이노,9.79,"스토리, 판타지, 액션",전체연령가
금요 추천 웹툰TODAY : 2020.02.14,https://comic.naver.com/webtoon/list.nhn?titleId=721461&weekday=fri,꽃미남 저승사자,"사지현, 히어리 / 쌍필",9.88,"스토리, 로맨스",전체연령가
금요 추천 웹툰TODAY : 2020.02.14,https://comic.naver.com/webtoon/list.nhn?titleId=740377&weekday=fri,신상 미스터리 극장,신상윤,9.76,"옴니버스, 판타지, 드라마, 스릴러",15세 이용가
금요 추천 웹툰TODAY : 2020.02.14,https://comic.naver.com/webtoon/list.nhn?titleId=732036&weekday=fri,후덜덜덜 남극전자,김민혁,9.93,"옴니버스, 일상, 개그, 판타지",전체연령가
금요 추천 웹툰TODAY : 2020.02.14,https://comic.naver.com/webtoon/list.nhn?titleId=724431&weekday=fri,버그,해마 / 송지형,6.10,"스토리, 판타지, 액션",12세 이용가
금요 추천 웹툰TODAY : 2020.02.14,https://comic.naver.com/webtoon/list.nhn?titleId=727784&weekday=fri,사냥개들,정회주,9.63,"스토리, 액션, 드라마, 스릴러",18세 이용가
금요 추천 웹툰TODAY : 2020.02.14,https://comic.naver.com/webtoon/list.nhn?titleId=738177&weekday=fri,감히,희나리,9.72,"스토리, 액션, 스릴러",15세 이용가
금요 추천 웹툰TODAY : 2020.02.14,https://comic.naver.com/webtoon/list.nhn?titleId=733284&weekday=fri,구원자,이한빈 / 산산,7.57,"스토리, 판타지, 드라마",12세 이용가
금요 추천 웹툰TODAY : 2020.02.14,https://comic.naver.com/webtoon/list.nhn?titleId=729089&weekday=fri,대표님이 구독하셨습니다,신지원 / 한혜린,9.40,"스토리, 개그, 드라마",12세 이용가
금요 추천 웹툰TODAY : 2020.02.14,https://comic.naver.com/webtoon/list.nhn?titleId=733395&weekday=fri,꼬맹이를 부탁해!,마라링,9.96,"스토리, 일상, 개그, 로맨스",전체연령가
금요 추천 웹툰TODAY : 2020.02.14,https://comic.naver.com/webtoon/list.nhn?titleId=729036&weekday=fri,합법해적 파르페,뼈피살,9.95,"스토리, 개그, 판타지",전체연령가
금요 추천 웹툰TODAY : 2020.02.14,https://comic.naver.com/webtoon/list.nhn?titleId=722542&weekday=fri,"열렬하게, 단하나",RAN,9.79,"스토리, 드라마",전체연령가
금요 추천 웹툰TODAY : 2020.02.14,https://comic.naver.com/webtoon/list.nhn?titleId=733746&weekday=fri,하루,오늘,9.77,"스토리, 드라마, 로맨스, 감성",전체연령가
금요 추천 웹툰TODAY : 2020.02.14,https://comic.naver.com/webtoon/list.nhn?titleId=740386&weekday=fri,개미,재희,9.86,"스토리, 스릴러",15세 이용가
토요 추천 웹툰TODAY : 2020.02.15,https://comic.naver.com/webtoon/list.nhn?titleId=568986&weekday=sat,용이산다,초,9.77,"스토리, 일상, 판타지",전체연령가
토요 추천 웹툰TODAY : 2020.02.15,https://comic.naver.com/webtoon/list.nhn?titleId=650305&weekday=sat,호랑이형님,이상규,9.98,"스토리, 판타지, 액션, 시대극",15세 이용가
토요 추천 웹툰TODAY : 2020.02.15,https://comic.naver.com/webtoon/list.nhn?titleId=651673&weekday=sat,유미의 세포들,이동건,9.93,"에피소드, 일상, 개그, 로맨스",12세 이용가
토요 추천 웹툰TODAY : 2020.02.15,https://comic.naver.com/webtoon/list.nhn?titleId=597447&weekday=sat,프리드로우,전선욱,9.90,"스토리, 드라마",15세 이용가
토요 추천 웹툰TODAY : 2020.02.15,https://comic.naver.com/webtoon/list.nhn?titleId=737018&weekday=sat,회춘,기안84,9.81,"에피소드, 일상, 개그, 드라마, 감성",15세 이용가
토요 추천 웹툰TODAY : 2020.02.15,https://comic.naver.com/webtoon/list.nhn?titleId=703843&weekday=sat,비질란테,CRG / 김규삼,9.98,"스토리, 액션, 스릴러",15세 이용가
토요 추천 웹툰TODAY : 2020.02.15,https://comic.naver.com/webtoon/list.nhn?titleId=727188&weekday=sat,취사병 전설이 되다,제이로빈 / 이진수,9.96,"스토리, 판타지, 드라마",전체연령가
토요 추천 웹툰TODAY : 2020.02.15,https://comic.naver.com/webtoon/list.nhn?titleId=64997&weekday=sat,나이트런,김성민,9.94,"스토리, 판타지",15세 이용가
토요 추천 웹툰TODAY : 2020.02.15,https://comic.naver.com/webtoon/list.nhn?titleId=721948&weekday=sat,스터디그룹,신형욱 / 유승연,9.95,"스토리, 일상, 액션, 드라마",15세 이용가
토요 추천 웹툰TODAY : 2020.02.15,https://comic.naver.com/webtoon/list.nhn?titleId=702672&weekday=sat,노곤하개,홍끼,9.98,"에피소드, 일상, 개그",전체연령가
토요 추천 웹툰TODAY : 2020.02.15,https://comic.naver.com/webtoon/list.nhn?titleId=616239&weekday=sat,윌유메리미,마인드C,9.93,"에피소드, 일상, 개그",전체연령가
토요 추천 웹툰TODAY : 2020.02.15,https://comic.naver.com/webtoon/list.nhn?titleId=739292&weekday=sat,두번째 생일,스프링,9.94,"스토리, 드라마, 스릴러",12세 이용가
토요 추천 웹툰TODAY : 2020.02.15,https://comic.naver.com/webtoon/list.nhn?titleId=703630&weekday=sat,어글리후드,미애,9.98,"스토리, 개그, 판타지, 액션",12세 이용가
토요 추천 웹툰TODAY : 2020.02.15,https://comic.naver.com/webtoon/list.nhn?titleId=737377&weekday=sat,민간인 통제구역,OSIK,9.94,"스토리, 드라마, 스릴러",15세 이용가
토요 추천 웹툰TODAY : 2020.02.15,https://comic.naver.com/webtoon/list.nhn?titleId=730694&weekday=sat,초인의 시대,섭이,9.96,"스토리, 판타지, 액션",15세 이용가
토요 추천 웹툰TODAY : 2020.02.15,https://comic.naver.com/webtoon/list.nhn?titleId=700843&weekday=sat,우리 오빠는 아이돌,성은,9.92,"스토리, 개그, 드라마, 로맨스",전체연령가
토요 추천 웹툰TODAY : 2020.02.15,https://comic.naver.com/webtoon/list.nhn?titleId=706770&weekday=sat,언데드,김우준,9.83,"스토리, 판타지, 액션, 스릴러",15세 이용가
토요 추천 웹툰TODAY : 2020.02.15,https://comic.naver.com/webtoon/list.nhn?titleId=724274&weekday=sat,먹이,외눈박이 / 박수봉,9.98,"옴니버스, 판타지, 스릴러",15세 이용가
토요 추천 웹툰TODAY : 2020.02.15,https://comic.naver.com/webtoon/list.nhn?titleId=728015&weekday=sat,모죠의 일지,모죠,9.98,"에피소드, 일상, 개그",전체연령가
토요 추천 웹툰TODAY : 2020.02.15,https://comic.naver.com/webtoon/list.nhn?titleId=715159&weekday=sat,갓핑크,이상신 / 국중록,9.96,"스토리, 개그, 판타지, 액션",15세 이용가
토요 추천 웹툰TODAY : 2020.02.15,https://comic.naver.com/webtoon/list.nhn?titleId=733280&weekday=sat,나를 바꿔줘,이지호 / 호띠,9.79,"스토리, 판타지, 드라마",15세 이용가
토요 추천 웹툰TODAY : 2020.02.15,https://comic.naver.com/webtoon/list.nhn?titleId=739112&weekday=sat,거미,모아이,9.91,"스토리, 액션, 스릴러",15세 이용가
토요 추천 웹툰TODAY : 2020.02.15,https://comic.naver.com/webtoon/list.nhn?titleId=732021&weekday=sat,탑코너,윤성 / 라군,9.82,"스토리, 드라마, 스포츠",전체연령가
토요 추천 웹툰TODAY : 2020.02.15,https://comic.naver.com/webtoon/list.nhn?titleId=730204&weekday=sat,친애하는 X,반지운,9.97,"스토리, 드라마, 스릴러",15세 이용가
토요 추천 웹툰TODAY : 2020.02.15,https://comic.naver.com/webtoon/list.nhn?titleId=703839&weekday=sat,홍시는 날 좋아해!,강하다 / 웃는해,9.98,에피소드,전체연령가
토요 추천 웹툰TODAY : 2020.02.15,https://comic.naver.com/webtoon/list.nhn?titleId=729047&weekday=sat,공유몽,주신 / 유령선,9.86,"스토리, 판타지, 액션",전체연령가
토요 추천 웹툰TODAY : 2020.02.15,https://comic.naver.com/webtoon/list.nhn?titleId=724815&weekday=sat,아홉수 우리들,수박양,9.98,"스토리, 드라마, 로맨스, 감성",전체연령가
토요 추천 웹툰TODAY : 2020.02.15,https://comic.naver.com/webtoon/list.nhn?titleId=678494&weekday=sat,동토의 여명,김정휘,9.93,"스토리, 판타지, 액션",전체연령가
토요 추천 웹툰TODAY : 2020.02.15,https://comic.naver.com/webtoon/list.nhn?titleId=739127&weekday=sat,피라미드 게임,달꼬냑,9.84,"스토리, 일상, 드라마, 스릴러",15세 이용가
토요 추천 웹툰TODAY : 2020.02.15,https://comic.naver.com/webtoon/list.nhn?titleId=736227&weekday=sat,여고전설,어스문 / 이제스,8.22,"스토리, 액션, 드라마",15세 이용가
토요 추천 웹툰TODAY : 2020.02.15,https://comic.naver.com/webtoon/list.nhn?titleId=725552&weekday=sat,열불 로맨스,홍치,9.95,"스토리, 개그, 로맨스, 감성",전체연령가
토요 추천 웹툰TODAY : 2020.02.15,https://comic.naver.com/webtoon/list.nhn?titleId=710769&weekday=sat,2인용 인간,WONDER,9.92,"에피소드, 판타지",전체연령가
토요 추천 웹툰TODAY : 2020.02.15,https://comic.naver.com/webtoon/list.nhn?titleId=716776&weekday=sat,고인의 명복,조주희 / 유노,9.98,"스토리, 판타지",전체연령가
토요 추천 웹툰TODAY : 2020.02.15,https://comic.naver.com/webtoon/list.nhn?titleId=726467&weekday=sat,틴맘,theterm,6.01,"스토리, 일상, 개그, 드라마, 감성",12세 이용가
토요 추천 웹툰TODAY : 2020.02.15,https://comic.naver.com/webtoon/list.nhn?titleId=721462&weekday=sat,우주최강대스타,젤리피쉬 / 도힌이,8.53,"스토리, 로맨스",전체연령가
토요 추천 웹툰TODAY : 2020.02.15,https://comic.naver.com/webtoon/list.nhn?titleId=739411&weekday=sat,왕세자 입학도,무번,9.94,"스토리, 드라마, 감성, 시대극",전체연령가
토요 추천 웹툰TODAY : 2020.02.15,https://comic.naver.com/webtoon/list.nhn?titleId=732256&weekday=sat,유령극단,LICO,9.93,"스토리, 판타지, 액션, 드라마",전체연령가
토요 추천 웹툰TODAY : 2020.02.15,https://comic.naver.com/webtoon/list.nhn?titleId=729563&weekday=sat,압락사스,247,9.73,"스토리, 판타지, 액션, 스릴러",18세 이용가
토요 추천 웹툰TODAY : 2020.02.15,https://comic.naver.com/webtoon/list.nhn?titleId=729038&weekday=sat,머리카락을 뽑으면,이다몽,9.93,"스토리, 일상, 드라마, 로맨스",전체연령가
토요 추천 웹툰TODAY : 2020.02.15,https://comic.naver.com/webtoon/list.nhn?titleId=729003&weekday=sat,두근두근 마감 중,연두 / 송이,9.25,"스토리, 로맨스",전체연령가
토요 추천 웹툰TODAY : 2020.02.15,https://comic.naver.com/webtoon/list.nhn?titleId=721919&weekday=sat,마음의 숙제,고아라,9.98,"스토리, 판타지, 드라마, 감성",전체연령가
토요 추천 웹툰TODAY : 2020.02.15,https://comic.naver.com/webtoon/list.nhn?titleId=729084&weekday=sat,천사가 아니야,박유나 / 표류,9.95,"스토리, 드라마, 로맨스, 감성",전체연령가
토요 추천 웹툰TODAY : 2020.02.15,https://comic.naver.com/webtoon/list.nhn?titleId=733277&weekday=sat,도사 가온,김상민,9.87,"스토리, 액션, 드라마",전체연령가
토요 추천 웹툰TODAY : 2020.02.15,https://comic.naver.com/webtoon/list.nhn?titleId=735078&weekday=sat,먹지마세요,노도 / 비버,9.95,"스토리, 판타지, 스릴러",15세 이용가
토요 추천 웹툰TODAY : 2020.02.15,https://comic.naver.com/webtoon/list.nhn?titleId=734011&weekday=sat,법대로 사랑하라,노승아 / 일리,9.34,"스토리, 로맨스",전체연령가
토요 추천 웹툰TODAY : 2020.02.15,https://comic.naver.com/webtoon/list.nhn?titleId=740135&weekday=sat,어른의 계절,선홍달,9.89,"에피소드, 일상, 드라마, 감성",전체연령가
토요 추천 웹툰TODAY : 2020.02.15,https://comic.naver.com/webtoon/list.nhn?titleId=740482&weekday=sat,11me,고지애 / 영재영,9.85,"스토리, 일상, 드라마",전체연령가
일요 추천 웹툰TODAY : 2020.02.16,https://comic.naver.com/webtoon/list.nhn?titleId=736277&weekday=sun,싸움독학,박태준 / 김정현,9.79,"스토리, 액션, 드라마",15세 이용가
일요 추천 웹툰TODAY : 2020.02.16,https://comic.naver.com/webtoon/list.nhn?titleId=670152&weekday=sun,열렙전사,김세훈,9.95,"스토리, 판타지, 액션",12세 이용가
일요 추천 웹툰TODAY : 2020.02.16,https://comic.naver.com/webtoon/list.nhn?titleId=710751&weekday=sun,약한영웅,서패스 / 김진석,9.93,"에피소드, 액션",15세 이용가
일요 추천 웹툰TODAY : 2020.02.16,https://comic.naver.com/webtoon/list.nhn?titleId=655746&weekday=sun,마법스크롤 상인 지오,엄재경 / 호패,9.97,"스토리, 판타지, 액션",12세 이용가
일요 추천 웹툰TODAY : 2020.02.16,https://comic.naver.com/webtoon/list.nhn?titleId=729326&weekday=sun,맘마미안,미티 / 구구,9.97,"스토리, 판타지, 드라마, 감성",12세 이용가
일요 추천 웹툰TODAY : 2020.02.16,https://comic.naver.com/webtoon/list.nhn?titleId=557676&weekday=sun,다이스(DICE),윤현석,9.46,"스토리, 판타지",15세 이용가
일요 추천 웹툰TODAY : 2020.02.16,https://comic.naver.com/webtoon/list.nhn?titleId=624632&weekday=sun,마루한 - 구현동화전,박성우,9.89,"옴니버스, 판타지, 액션, 드라마",12세 이용가
일요 추천 웹툰TODAY : 2020.02.16,https://comic.naver.com/webtoon/list.nhn?titleId=724854&weekday=sun,돼지우리,김칸비 / 천범식,9.87,"스토리, 액션, 스릴러",15세 이용가
일요 추천 웹툰TODAY : 2020.02.16,https://comic.naver.com/webtoon/list.nhn?titleId=718021&weekday=sun,검은인간,이저녁,9.98,"스토리, 액션, 드라마",15세 이용가
일요 추천 웹툰TODAY : 2020.02.16,https://comic.naver.com/webtoon/list.nhn?titleId=690503&weekday=sun,도망자,신영우,9.91,"스토리, 개그, 액션",12세 이용가
일요 추천 웹툰TODAY : 2020.02.16,https://comic.naver.com/webtoon/list.nhn?titleId=22897&weekday=sun,호랭총각,강호진,9.90,"옴니버스, 개그, 드라마",12세 이용가
일요 추천 웹툰TODAY : 2020.02.16,https://comic.naver.com/webtoon/list.nhn?titleId=734008&weekday=sun,닭강정,박지독,9.62,"스토리, 개그, 스릴러",전체연령가
일요 추천 웹툰TODAY : 2020.02.16,https://comic.naver.com/webtoon/list.nhn?titleId=695796&weekday=sun,내일,라마,9.98,"옴니버스, 일상, 판타지, 드라마",전체연령가
일요 추천 웹툰TODAY : 2020.02.16,https://comic.naver.com/webtoon/list.nhn?titleId=727476&weekday=sun,구름이 피워낸 꽃,비온후,9.98,"스토리, 드라마, 로맨스, 감성, 시대극",전체연령가
일요 추천 웹툰TODAY : 2020.02.16,https://comic.naver.com/webtoon/list.nhn?titleId=730259&weekday=sun,스퍼맨: 현자단의 역습,하일권,9.94,"에피소드, 개그, 판타지, 액션, 드라마",18세 이용가
일요 추천 웹툰TODAY : 2020.02.16,https://comic.naver.com/webtoon/list.nhn?titleId=733047&weekday=sun,행성인간,조석,9.94,"스토리, 스릴러",15세 이용가
일요 추천 웹툰TODAY : 2020.02.16,https://comic.naver.com/webtoon/list.nhn?titleId=721463&weekday=sun,극야,운 / 한 큰빛,9.96,"스토리, 액션, 스릴러",15세 이용가
일요 추천 웹툰TODAY : 2020.02.16,https://comic.naver.com/webtoon/list.nhn?titleId=729037&weekday=sun,호러전파상,봄소희 / 김선희,9.68,"옴니버스, 판타지, 드라마, 스릴러",15세 이용가
일요 추천 웹툰TODAY : 2020.02.16,https://comic.naver.com/webtoon/list.nhn?titleId=728128&weekday=sun,합격시켜주세용,이온,9.99,"스토리, 일상, 판타지",전체연령가
일요 추천 웹툰TODAY : 2020.02.16,https://comic.naver.com/webtoon/list.nhn?titleId=739166&weekday=sun,또한번 엔딩,타리,9.88,"스토리, 드라마, 로맨스",12세 이용가
일요 추천 웹툰TODAY : 2020.02.16,https://comic.naver.com/webtoon/list.nhn?titleId=728900&weekday=sun,인어를 위한 수영교실,용찬,9.98,"스토리, 판타지, 드라마, 로맨스",전체연령가
일요 추천 웹툰TODAY : 2020.02.16,https://comic.naver.com/webtoon/list.nhn?titleId=732224&weekday=sun,인싸라이프,힐링달,9.03,"스토리, 드라마, 로맨스, 감성",12세 이용가
일요 추천 웹툰TODAY : 2020.02.16,https://comic.naver.com/webtoon/list.nhn?titleId=733728&weekday=sun,강남도깨비,이경민 / 송준혁,9.96,"스토리, 판타지, 액션",15세 이용가
일요 추천 웹툰TODAY : 2020.02.16,https://comic.naver.com/webtoon/list.nhn?titleId=737021&weekday=sun,마도,이밤,9.73,"스토리, 판타지, 스릴러",15세 이용가
일요 추천 웹툰TODAY : 2020.02.16,https://comic.naver.com/webtoon/list.nhn?titleId=732955&weekday=sun,닥터앤닥터 육아일기,닥터베르,9.97,"에피소드, 일상, 개그, 드라마",전체연령가
일요 추천 웹툰TODAY : 2020.02.16,https://comic.naver.com/webtoon/list.nhn?titleId=626906&weekday=sun,패밀리 사이즈,남지은 / 김인호,9.97,"에피소드, 일상",전체연령가
일요 추천 웹툰TODAY : 2020.02.16,https://comic.naver.com/webtoon/list.nhn?titleId=728751&weekday=sun,괴물신부,상범 / 스테익,9.94,"스토리, 판타지, 드라마",12세 이용가
일요 추천 웹툰TODAY : 2020.02.16,https://comic.naver.com/webtoon/list.nhn?titleId=730657&weekday=sun,오로지 너를 이기고 싶어,아마도지 / 사삭,9.96,"에피소드, 일상, 개그, 로맨스",전체연령가
일요 추천 웹툰TODAY : 2020.02.16,https://comic.naver.com/webtoon/list.nhn?titleId=720120&weekday=sun,내 어린고양이와 늙은개 (재),초,9.91,"에피소드, 일상, 드라마, 감성",전체연령가
일요 추천 웹툰TODAY : 2020.02.16,https://comic.naver.com/webtoon/list.nhn?titleId=703841&weekday=sun,꽃 피는 날,두루,9.95,"스토리, 로맨스, 감성",전체연령가
일요 추천 웹툰TODAY : 2020.02.16,https://comic.naver.com/webtoon/list.nhn?titleId=697535&weekday=sun,웅이는 배고파,박웅,9.72,에피소드,12세 이용가
일요 추천 웹툰TODAY : 2020.02.16,https://comic.naver.com/webtoon/list.nhn?titleId=730607&weekday=sun,평행도시,고다,9.95,"스토리, 액션, 스릴러",15세 이용가
일요 추천 웹툰TODAY : 2020.02.16,https://comic.naver.com/webtoon/list.nhn?titleId=703833&weekday=sun,점핑오버,조니조 / 서사야,9.94,"스토리, 판타지, 로맨스, 감성",전체연령가
일요 추천 웹툰TODAY : 2020.02.16,https://comic.naver.com/webtoon/list.nhn?titleId=736641&weekday=sun,라일락 200%,아니영,9.92,스토리,전체연령가
일요 추천 웹툰TODAY : 2020.02.16,https://comic.naver.com/webtoon/list.nhn?titleId=726454&weekday=sun,무주의 맹시,마누비,9.97,"스토리, 판타지, 드라마",전체연령가
일요 추천 웹툰TODAY : 2020.02.16,https://comic.naver.com/webtoon/list.nhn?titleId=738547&weekday=sun,선녀야 야옹해봐!,햄톨탱크,9.75,"스토리, 판타지, 드라마, 로맨스",전체연령가
일요 추천 웹툰TODAY : 2020.02.16,https://comic.naver.com/webtoon/list.nhn?titleId=737628&weekday=sun,별이삼샵,혀노,9.91,"스토리, 일상, 드라마, 로맨스, 감성",15세 이용가
일요 추천 웹툰TODAY : 2020.02.16,https://comic.naver.com/webtoon/list.nhn?titleId=703844&weekday=sun,가비지타임,2사장,9.96,"스토리, 드라마, 스포츠",전체연령가
일요 추천 웹툰TODAY : 2020.02.16,https://comic.naver.com/webtoon/list.nhn?titleId=733768&weekday=sun,오늘도 사랑하세요,하찌,9.96,"스토리, 드라마, 로맨스",전체연령가
일요 추천 웹툰TODAY : 2020.02.16,https://comic.naver.com/webtoon/list.nhn?titleId=721109&weekday=sun,Here U Are,D JUN,9.59,"스토리, 드라마, 로맨스",12세 이용가
일요 추천 웹툰TODAY : 2020.02.16,https://comic.naver.com/webtoon/list.nhn?titleId=729043&weekday=sun,타인의 로맨스,호욱 / 만찐,9.94,"스토리, 판타지, 드라마, 로맨스",12세 이용가
일요 추천 웹툰TODAY : 2020.02.16,https://comic.naver.com/webtoon/list.nhn?titleId=729883&weekday=sun,위험한 신입사원,박수정 / Jiya,9.61,"스토리, 드라마, 로맨스",전체연령가
일요 추천 웹툰TODAY : 2020.02.16,https://comic.naver.com/webtoon/list.nhn?titleId=703856&weekday=sun,8월의 눈보라,김리아,9.29,"스토리, 일상, 드라마, 로맨스, 감성",전체연령가
일요 추천 웹툰TODAY : 2020.02.16,https://comic.naver.com/webtoon/list.nhn?titleId=734012&weekday=sun,그녀의 버킷리스트,황양 / 솦,9.93,"스토리, 드라마",12세 이용가
일요 추천 웹툰TODAY : 2020.02.16,https://comic.naver.com/webtoon/list.nhn?titleId=733274&weekday=sun,만찢남녀,님니,9.96,"스토리, 개그, 드라마, 로맨스",전체연령가
일요 추천 웹툰TODAY : 2020.02.16,https://comic.naver.com/webtoon/list.nhn?titleId=713055&weekday=sun,호곡,감대,9.12,"스토리, 판타지",12세 이용가
일요 추천 웹툰TODAY : 2020.02.16,https://comic.naver.com/webtoon/list.nhn?titleId=723414&weekday=sun,속삭이는 e로맨스,최경아,9.89,"스토리, 드라마, 로맨스",전체연령가
일요 추천 웹툰TODAY : 2020.02.16,https://comic.naver.com/webtoon/list.nhn?titleId=730258&weekday=sun,갓!김치,김민우,7.26,"에피소드, 개그, 판타지, 액션",전체연령가
